Model,Accuracy,Precision,Recall,F1 Score
Logistic Regression,0.5958083832335329,0.6071990976846365,0.5958083832335329,0.5762408729360279
Random Forest,0.6615103127079175,0.6721258163615561,0.6615103127079175,0.6489508214359069
Gradient Boosting,0.6657518296739854,0.6828923437292004,0.6657518296739854,0.651646046727229
SVM,0.6679973386560212,0.6926207755579239,0.6679973386560212,0.6525524813819875
